Cluster,Channel,Region,Fresh,Milk,Grocery,Frozen,Detergents_Paper,Delicassen
0,0.0847457627118644,1.7118644067796611,1.6806112029572544,-0.14123023563330664,-0.26820748203384986,1.2041312591785092,-0.43719317384254663,0.3472783488950285
1,0.08846153846153847,1.4730769230769232,-0.22607743547912496,-0.3974402224491509,-0.45446644623951993,-0.1579952776158771,-0.4189133750616063,-0.20387571089993722
2,1.0,1.5,0.31383031459590555,3.921905930621416,4.275610367529143,-0.003574194570088751,4.618165799673163,0.5033653388465449
3,0.0,2.0,1.9668173134443458,5.175503059915349,1.2872168531637516,6.9005998761780365,-0.5548619766111389,16.478447453311475
4,0.9454545454545454,1.6181818181818182,-0.41346407463008134,0.6115679943001348,0.8176563357619738,-0.3348166367443739,0.8098643522964311,0.10005601279454611
